Full Name,Email,Level of English Proficiency,Learning Goals,Areas of Difficulty,Areas of Interest,Strengths,Preferred Learning Methodology
John Smith,john_smith@gmail.com,A1 (Beginner),Conversational English,Grammar,Vocabulary,Active listening,Audio-visual learning
Olga Ivanenko,olga_ivanenko@gmail.com,A2 (Elementary),Improving pronunciation,Reading,Writing,Positive attitude,Interactive exercises
Michael Johnson,michael_johnson@gmail.com,B1 (Intermediate),Business English,Speaking,Listening,Confidence in speaking,Role-playing activities
Kateryna Petrenko,kateryna_petrenko@gmail.com,B2 (Upper-Intermediate),IELTS preparation,Writing,Speaking,Attention to detail,Mock exams
Emily Davis,emily_davis@gmail.com,C1 (Advanced),Fluency enhancement,Idioms and expressions,Literature,Creative writing,Presentation practice
Petro Kovalenko,petro_kovalenko@gmail.com,C2 (Proficiency),Mastering complex grammar,Public speaking,Debates,Analytical skills,Socratic method
Anna Thompson,anna_thompson@gmail.com,A1 (Beginner),Everyday English,Listening,Speaking,Enthusiasm for learning,Interactive games
Dmytro Hrechko,dmytro_hrechko@gmail.com,A2 (Elementary),Basic grammar understanding,Reading,Writing,Patience,Visual aids
Jessica Brown,jessica_brown@gmail.com,B1 (Intermediate),TOEFL preparation,Listening,Speaking,Attention to detail,Practice tests
Ivan Koval,ivan_koval@gmail.com,B2 (Upper-Intermediate),Improving writing skills,Grammar,Writing style,Attention to detail,Peer editing
Sophia Tkachenko,sophia_tkachenko@gmail.com,C1 (Advanced),Advanced vocabulary acquisition,Reading,Listening,Analytical skills,Discussion groups
William Clark,william_clark@gmail.com,C2 (Proficiency),Mastery of English literature,Reading,Writing,Critical thinking,Literary analysis
Hannah Kovalchuk,hannah_kovalchuk@gmail.com,A1 (Beginner),Basic English for travel,Speaking,Listening,Adaptability,Role-play scenarios
Andriy Shevchenko,andriy_shevchenko@gmail.com,A2 (Elementary),Grammar fundamentals,Reading,Writing,Attention to detail,Drills and exercises
Rachel White,rachel_white@gmail.com,B1 (Intermediate),Improving spoken English,Accent reduction,Listening,Positive attitude,Dialogues
Vasyl Ponomarenko,vasyl_ponomarenko@gmail.com,B2 (Upper-Intermediate),Preparing for job interviews,Speaking,Confidence building,Interview practice,Mock interviews
Sophie Anderson,sophie_anderson@gmail.com,C1 (Advanced),Advanced writing skills,Academic writing,Creative writing,Attention to detail,Peer feedback
Maxim Dubenko,maxim_dubenko@gmail.com,C2 (Proficiency),Fluency in complex discussions,Debating,Public speaking,Logical reasoning,Role-playing
Emma Wilson,emma_wilson@gmail.com,A1 (Beginner),Learning English for everyday use,Listening,Speaking,Enthusiasm for learning,Interactive exercises
Nadia Kovalenko,nadia_kovalenko@gmail.com,A2 (Elementary),Improving grammar skills,Reading,Writing,Patience,Practice exercises
Alexander Smith,alexander_smith@gmail.com,B1 (Intermediate),Cambridge exams preparation,Listening,Speaking,Attention to detail,Practice tests
Anastasia Melnyk,anastasia_melnyk@gmail.com,B2 (Upper-Intermediate),Enhancing listening skills,Listening comprehension,Speaking,Active listening,Audio materials
Daniel Brown,daniel_brown@gmail.com,C1 (Advanced),Business communication skills,Presentations,Negotiations,Confidence in speaking,Role-playing
Iryna Melnychuk,iryna_melnychuk@gmail.com,C2 (Proficiency),Perfecting language fluency,Speaking,Listening,Patience,Immersion experiences
Liam Johnson,liam_johnson@gmail.com,A1 (Beginner),Basic English grammar,Speaking,Listening,Positive attitude,Practice exercises
Olena Kovalova,olena_kovalova@gmail.com,A2 (Elementary),Improving vocabulary,Reading,Writing,Attention to detail,Flashcards and games
David Williams,david_williams@gmail.com,B1 (Intermediate),IELTS speaking practice,Speaking,Confidence building,Role-play scenarios,Mock exams
Maria Bondarenko,maria_bondarenko@gmail.com,B2 (Upper-Intermediate),Enhancing writing skills,Grammar,Writing style,Attention to detail,Peer editing
Jack Thompson,jack_thompson@gmail.com,C1 (Advanced),Preparing for academic studies,Reading,Writing,Research skills,Essay writing
Oleksiy Ivanenko,oleksiy_ivanenko@gmail.com,C2 (Proficiency),Mastering English idioms and slang,Listening,Speaking,Idioms and expressions,Conversation practice
